filepath,true_label,n_steps,prediction,reasoning,roc_probability,success,error,api_time,confidence_score,actual_steps,enough_steps,raw_response
vasp-data-files/101001010001001101100100/OSZICAR,1,50,0,Large dE oscillations and rms(c) stagnates around 0.25 after step 40 showing no clear downward trend,,TRUE,,4.814867973,7,50,TRUE,
vasp-data-files/111110000100010000011110/OSZICAR,1,50,0,Large dE oscillations and rms(c) shows no clear downward trend after step 12 indicating divergence,,TRUE,,3.69528532,7,50,TRUE,
vasp-data-files/100100001110011011011111/OSZICAR,1,50,1,"After initial oscillations, dE and rms(c) show a clear downward trend in later steps, with rms(c) decreasing steadily from 0.116E-01 to 0.650E-02, indicating eventual convergence.",,TRUE,,4.207597256,7,50,TRUE,
vasp-data-files/111010110111111111000001/OSZICAR,1,50,1,"After initial oscillations, dE and rms(c) show clear downward trends towards convergence thresholds, with rms(c) steadily decreasing in later steps.",,TRUE,,4.311261415,8,50,TRUE,
vasp-data-files/101101000101010011100011/OSZICAR,0,50,0,rms(c) stagnates at 1.7-1.8 with no clear downward trend despite dE oscillations,,TRUE,,3.186926126,8,50,TRUE,
vasp-data-files/111101100101011011110110/OSZICAR,1,50,1,"After initial oscillations, dE and rms(c) show a clear downward trend in later steps, with rms(c) decreasing steadily from step 30 onwards, indicating eventual convergence.",,TRUE,,3.79983592,7,50,TRUE,
vasp-data-files/100010010010001011110101/OSZICAR,1,50,1,"After initial oscillations, rms(c) shows a clear downward trend from ~0.1 to ~0.01, indicating eventual convergence despite some noise in dE.",,TRUE,,5.745358229,7,50,TRUE,
vasp-data-files/110110100000011000100100/OSZICAR,1,50,0,Large dE oscillations and rms(c) shows no clear downward trend indicating divergence,,TRUE,,3.386712551,7,50,TRUE,
vasp-data-files/110001111011001111111001/OSZICAR,1,50,1,"Initial large dE oscillations but rms(c) shows a clear downward trend from ~0.12 to ~0.04, indicating eventual convergence",,TRUE,,5.745893955,7,50,TRUE,
vasp-data-files/100010101000001110011111/OSZICAR,1,50,0,"Large dE oscillations and rms(c) shows no clear downward trend after step 12, indicating divergence",,TRUE,,3.291193008,7,50,TRUE,
vasp-data-files/110000011100111100000000/OSZICAR,0,50,,,,FALSE,无法解析LLM响应,2.155981302,,50,TRUE, 
vasp-data-files/101011010101110010111110/OSZICAR,1,50,0,Large dE oscillations and rms(c) stagnates around 0.1-0.2 after step 30 showing no clear downward trend,,TRUE,,5.642838478,8,50,TRUE,
vasp-data-files/101110111010110011001111/OSZICAR,0,50,0,Large dE oscillations and rms(c) values remain high and fluctuating without clear downward trend,,TRUE,,2.980875731,8,50,TRUE,
vasp-data-files/101100000000101101100000/OSZICAR,1,50,0,Large dE oscillations and rms(c) shows no clear downward trend after step 12 indicating divergence,,TRUE,,3.695927382,7,50,TRUE,
vasp-data-files/101101010101101011001000/OSZICAR,1,50,1,Large dE oscillations but macro-trend of rms(c) shows downward damping indicating eventual convergence,,TRUE,,4.665731668,6,50,TRUE,
vasp-data-files/101111010100110000100100/OSZICAR,0,50,0,Large dE oscillations and rms(c) stagnates around 0.18-0.20 showing no clear downward trend,,TRUE,,6.053273916,7,50,TRUE,
vasp-data-files/111111011101110001001010/OSZICAR,1,50,0,"Large dE oscillations and rms(c) shows no clear downward trend after step 12, indicating divergence.",,TRUE,,4.106396437,7,50,TRUE,
vasp-data-files/111100110011000100101100/OSZICAR,0,50,0,Large dE oscillations and rms(c) stagnates around 0.4-0.5 showing no clear downward trend,,TRUE,,2.774893045,7,50,TRUE,
vasp-data-files/111101001101110110100010/OSZICAR,1,50,1,"After initial oscillations, dE and rms(c) show a clear downward trend in later steps, with rms(c) decreasing steadily from ~0.1 to ~0.02, indicating eventual convergence.",,TRUE,,4.699961662,7,50,TRUE,
vasp-data-files/111110000101010000100000/OSZICAR,0,50,,,,FALSE,无法解析LLM响应,2.364238739,,50,TRUE, 
vasp-data-files/101000010100011110000010/OSZICAR,1,50,0,Large dE oscillations and rms(c) stagnates around 0.8-1.0 without clear downward trend indicating divergence,,TRUE,,3.629407406,7,50,TRUE,
vasp-data-files/101110000000110110100000/OSZICAR,1,50,1,"Despite initial large dE oscillations, rms(c) shows a clear downward trend from ~0.124E+02 to ~0.121E+00, indicating eventual convergence",,TRUE,,5.066181183,7,50,TRUE,
vasp-data-files/111000011100111110100100/OSZICAR,1,50,1,"Despite initial large oscillations in dE, the rms(c) shows a clear downward trend from ~1.0E+01 to ~2.78E-01, indicating eventual convergence",,TRUE,,4.089818001,7,50,TRUE,
vasp-data-files/100100110010001101011001/OSZICAR,0,50,0,Large dE oscillations and rms(c) stagnates around 1.0E+01 with no clear downward trend,,TRUE,,4.154712439,7,50,TRUE,
vasp-data-files/100001111010000001010101/OSZICAR,0,50,1,"After initial oscillations, dE and rms(c) show a clear downward trend in later steps, with rms(c) decreasing steadily from ~0.1 to ~0.03, indicating eventual convergence.",,TRUE,,3.524481535,7,50,TRUE,
vasp-data-files/111110000100111110100000/OSZICAR,1,50,0,"rms(c) shows no clear downward trend and remains high, indicating divergence despite some dE fluctuations",,TRUE,,2.571171761,7,50,TRUE,
vasp-data-files/100001010111110011101110/OSZICAR,0,50,0,"Large dE oscillations and rms(c) shows no clear downward trend after step 13, indicating divergence",,TRUE,,3.291226864,7,50,TRUE,
vasp-data-files/100000010110101010101001/OSZICAR,1,50,1,"After initial oscillations, dE and rms(c) show a clear downward trend in later steps, with rms(c) decreasing steadily from step 30 onwards, indicating eventual convergence.",,TRUE,,4.282235384,7,50,TRUE,
vasp-data-files/101101001111110011100001/OSZICAR,1,50,1,"After initial oscillations, dE and rms(c) show a clear downward trend in later steps, with rms(c) decreasing steadily from ~0.1 to ~0.03, indicating eventual convergence.",,TRUE,,4.745548725,7,50,TRUE,
vasp-data-files/111100010101111011110101/OSZICAR,0,50,0,rms(c) remains high and oscillates without clear downward trend despite some dE damping,,TRUE,,3.49311614,7,50,TRUE,
vasp-data-files/101101010101111111101100/OSZICAR,1,50,1,"After initial oscillations, dE and rms(c) show a clear downward trend in later steps, indicating eventual convergence",,TRUE,,3.900192499,7,50,TRUE,
vasp-data-files/100011101110110010111111/OSZICAR,1,50,0,Large dE oscillations and rms(c) stagnates around 0.1-0.2 after step 30 indicating divergence,,TRUE,,3.594246387,7,50,TRUE,
vasp-data-files/101111000100111110100000/OSZICAR,1,50,0,Large dE oscillations and rms(c) stagnates around 0.1-0.2 after step 30 showing no clear downward trend,,TRUE,,3.595592976,8,50,TRUE,
vasp-data-files/101011010100110010100100/OSZICAR,0,50,0,Large dE oscillations and rms(c) stagnates around 0.8-1.0 with no clear downward trend indicating divergence,,TRUE,,4.721815586,7,50,TRUE,
vasp-data-files/110100001110001101011001/OSZICAR,0,50,0,"rms(c) shows no clear downward trend and remains high, indicating divergence despite some dE fluctuations",,TRUE,,2.644265175,7,50,TRUE,
vasp-data-files/100100111111011001010111/OSZICAR,0,50,,,,FALSE,无法解析LLM响应,2.096001625,,50,TRUE, 
vasp-data-files/100001011101111010001100/OSZICAR,0,50,0,Large dE oscillations and rms(c) stagnates around 0.2 without clear downward trend indicating divergence,,TRUE,,3.959366798,7,50,TRUE,
vasp-data-files/101110010100111011000100/OSZICAR,1,50,0,Large dE oscillations and rms(c) stagnates around 0.5-0.6 showing no clear downward trend indicating divergence,,TRUE,,3.3893888,7,50,TRUE,
vasp-data-files/110100001101111100101000/OSZICAR,1,50,1,"After initial oscillations, dE and rms(c) show a clear downward trend in later steps, with rms(c) decreasing steadily from step 30 onwards, indicating eventual convergence.",,TRUE,,3.380047083,7,50,TRUE,
vasp-data-files/101110000000011100100000/OSZICAR,1,50,1,"After initial large oscillations, dE and rms(c) show a clear downward trend in later steps, with rms(c) consistently decreasing towards convergence thresholds.",,TRUE,,3.28812623,7,50,TRUE,
vasp-data-files/111100000100111110100000/OSZICAR,1,50,1,"After initial oscillations, dE and rms(c) show a clear downward trend towards convergence, with rms(c) steadily decreasing in later steps.",,TRUE,,4.243173599,7,50,TRUE,
vasp-data-files/111000010000110111111010/OSZICAR,1,50,1,"Despite initial large dE oscillations, rms(c) shows a clear downward trend from ~0.12 to ~0.04, indicating eventual convergence",,TRUE,,3.190903425,7,50,TRUE,
vasp-data-files/101101000101011110111100/OSZICAR,1,50,0,"Large dE oscillations and rms(c) shows no clear downward trend after step 12, indicating divergence",,TRUE,,3.348310471,7,50,TRUE,
vasp-data-files/111100000101111100101000/OSZICAR,0,50,,,,FALSE,无法解析LLM响应,4.618835688,,50,TRUE, 
vasp-data-files/100001110010011010011111/OSZICAR,1,50,1,"Despite initial large dE oscillations, rms(c) shows a clear downward trend from ~0.12 to ~0.04, indicating eventual convergence",,TRUE,,3.492856026,7,50,TRUE,
vasp-data-files/100001110000110000100010/OSZICAR,1,50,1,"After initial oscillations, dE and rms(c) show a clear downward trend with decreasing magnitudes, indicating eventual convergence.",,TRUE,,2.569169283,8,50,TRUE,
vasp-data-files/110101101100111101010011/OSZICAR,1,50,0,Large dE oscillations and rms(c) stagnates around 0.5-0.7 indicating divergence,,TRUE,,3.186247826,7,50,TRUE,
vasp-data-files/101001110010000111111111/OSZICAR,1,50,0,"Large dE oscillations and rms(c) stagnates around 0.1-0.2 after step 12, showing no clear downward trend indicating divergence",,TRUE,,3.268630505,8,50,TRUE,
vasp-data-files/101011010111111010100100/OSZICAR,0,50,0,Large dE oscillations and rms(c) stagnates around 0.7-0.8 without clear downward trend indicating divergence,,TRUE,,3.183000326,7,50,TRUE,
vasp-data-files/111110000101110010010000/OSZICAR,0,50,0,Large dE oscillations and rms(c) stagnates around 0.2-0.3 showing no clear downward trend indicating divergence,,TRUE,,3.723821163,7,50,TRUE,
