filepath,true_label,n_steps,prediction,reasoning,roc_probability,success,error,api_time,confidence_score,actual_steps,enough_steps
vasp-data-files/101101110001000000000110/OSZICAR,0,100,1,"This is a classic damped oscillatory convergence pattern. The calculation experiences significant oscillations in dE and rms(c) after step 12, characteristic of charge sloshing in metallic/magnetic systems. However, the macro-trend shows clear damping: rms(c) decreases from ~122 (step 13) to ~0.118 (step 100), and dE oscillations reduce in amplitude over time. The system is slowly but consistently progressing toward convergence despite the noisy behavior.",,True,,6.369089126586914,7,100,True
vasp-data-files/101101111110111111010001/OSZICAR,0,100,1,"The calculation exhibits persistent oscillations in dE and rms(c) after step 12, characteristic of charge sloshing in metallic/magnetic systems. While the macro-trend shows slow damping (rms(c) decreasing from ~125 to ~3 over 100 steps), the oscillations remain significant and convergence progress is extremely slow. The system is fighting toward convergence but requires many more steps with uncertain stability.",,True,,9.491378545761108,6,100,True
vasp-data-files/101101111111110011010001/OSZICAR,1,100,1,"The calculation exhibits classic damped oscillatory convergence behavior. After an initial instability at step 13 (large dE jump), the system shows persistent oscillations in both dE and rms(c). However, the macro-trend is clearly downward: rms(c) decreases from ~125 at step 13 to ~0.8 at step 100, and dE oscillations show decreasing amplitude over time. The system is successfully damping the charge sloshing and progressing toward convergence, though slowly.",,True,,3.7187881469726562,7,100,True
vasp-data-files/101110000001100001100001/OSZICAR,0,100,1,"The calculation exhibits large, persistent oscillations in dE and rms(c) characteristic of metallic/magnetic systems. While the macro-trend shows slow damping (rms(c) decreasing from ~122 to ~24 over 100 steps), the oscillations remain significant and progress is extremely slow, making convergence uncertain within a reasonable step count.",,True,,3.363330125808716,6,100,True
vasp-data-files/101110000100001010011000/OSZICAR,1,100,1,"This calculation exhibits classic damped oscillatory convergence behavior. While there are significant oscillations in dE and rms(c) values throughout the 100 steps, the macro-trend shows clear damping. The rms(c) values oscillate but trend downward from ~100 to ~7 over the course of the calculation, and dE oscillations show decreasing amplitude. The system is slowly but consistently damping the charge sloshing, indicating eventual convergence, though it may require many additional steps.",,True,,8.324885845184326,7,100,True
vasp-data-files/101110000100111110100000/OSZICAR,0,100,1,"The calculation exhibits classic damped oscillatory behavior with large energy fluctuations (e.g., step 13: dE=1039, step 32: dE=-8.21) but shows a clear macro-trend of decreasing oscillation amplitude. The rms(c) values demonstrate significant damping from ~100 to ~3 over 100 steps, indicating the system is slowly overcoming charge sloshing. While convergence is likely, the slow damping rate and persistent oscillations at step 100 suggest many additional steps will be required.",,True,,5.816394090652466,6,100,True
vasp-data-files/101110000101000001101111/OSZICAR,1,100,0,"The calculation shows initial progress but hits a clear plateau around step 30. The rms(c) value oscillates between ~0.1-0.9 without meaningful improvement for 70+ steps, and dE remains stuck in the 1E-02 to 1E-03 range, far above convergence thresholds. This is classic stagnation behavior where the system cannot find a lower energy minimum without intervention.",,True,,4.606483221054077,8,100,True
vasp-data-files/101110000101110011000100/OSZICAR,1,100,1,"This calculation exhibits classic damped oscillatory convergence behavior. While there are significant oscillations in dE (e.g., steps 13, 58, 88) and rms(c) shows fluctuations, the macro-trend is clearly downward. The rms(c) decreases from ~100 at step 12 to ~4 at step 100, and dE oscillations show decreasing amplitude over time. The system is successfully damping charge sloshing and progressing toward convergence, though it may require many additional steps.",,True,,3.744572162628174,7,100,True
vasp-data-files/101110001101010111010001/OSZICAR,0,100,0,"The calculation shows clear stagnation behavior. After initial progress, both dE and rms(c) have plateaued far above convergence thresholds. dE oscillates in a narrow band around 1E-02 to 1E-01, and rms(c) remains stuck between 0.1-0.2 for the last 60+ steps, showing no meaningful downward trend toward the required convergence criteria.",,True,,5.074371576309204,8,100,True
vasp-data-files/101110001110011101010011/OSZICAR,0,100,1,"This calculation exhibits classic damped oscillatory convergence behavior. After initial smooth progress (steps 1-11), the system experiences a major instability at step 13 with dE jumping to +1035 eV, characteristic of charge sloshing. Despite persistent oscillations in dE (±0.1-4.5 eV range) and rms(c) (0.1-12.3 range), the macro-trend shows clear damping: rms(c) envelope decreases from ~12 at step 13 to ~1.2 at step 100, while dE oscillations reduce in amplitude. The system is slowly but consistently damping the instability toward convergence.",,True,,3.4256770610809326,7,100,True
vasp-data-files/101110010100111011000100/OSZICAR,1,100,1,"The calculation exhibits classic damped oscillatory behavior. After initial instability at step 13 (large dE jump), the system shows persistent oscillations in both dE and rms(c). However, the macro-trend is clearly downward: rms(c) decreases from ~100 at step 12 to ~0.25 at step 100, and dE oscillations show decreasing amplitude over time. The system is slowly damping the charge sloshing, indicating eventual convergence, though the process is noisy and may require many additional steps.",,True,,5.038532257080078,6,100,True
vasp-data-files/101110011001010001000110/OSZICAR,0,100,1,"The calculation exhibits classic damped oscillatory behavior. After initial instability around step 13 (large dE jump), the system shows persistent oscillations in both dE and rms(c). However, the macro-trend is clearly downward: rms(c) decreases from ~120 (step 13) to ~0.8 (step 100), and dE oscillations dampen significantly in amplitude. The system is slowly but consistently progressing toward convergence despite step-to-step fluctuations.",,True,,5.4581618309021,7,100,True
vasp-data-files/101110101100010000111110/OSZICAR,0,100,0,"The calculation shows initial progress but then enters a persistent plateau. After step 12, dE oscillates in a narrow band around 1E-02 to 1E-01 and rms(c) remains stuck above 0.5E+01 (5.0), showing no significant downward trend for over 80 steps. This matches the 'Stagnation/Plateauing' phenotype where convergence is unlikely without parameter intervention.",,True,,5.926734924316406,7,100,True
vasp-data-files/101110111010110011001111/OSZICAR,0,100,1,"The calculation exhibits classic damped oscillatory convergence behavior. After an initial instability at step 13 (large dE jump), the system shows persistent oscillations in both dE and rms(c). However, the macro-trend is clearly downward: rms(c) decreases from ~125 at step 13 to ~0.238 at step 100, and dE oscillations show decreasing amplitude over time. The system is successfully damping the charge sloshing and progressing toward convergence, though slowly.",,True,,3.8009543418884277,7,100,True
vasp-data-files/101111000001111110100000/OSZICAR,0,100,1,"The calculation exhibits classic damped oscillatory behavior characteristic of challenging metallic or magnetic systems. After initial instability at step 13 (large dE jump), the system shows persistent oscillations in both dE and rms(c). However, the macro-trend is crucial: rms(c) decreases from ~120 at step 12 to ~7 at step 100, and dE oscillations show decreasing amplitude over time. While progress is slow and noisy, the overall downward trend in residuals suggests eventual convergence, though it may require many additional steps.",,True,,5.466669797897339,6,100,True
vasp-data-files/101111000100011100100100/OSZICAR,1,100,1,"This calculation exhibits classic damped oscillatory convergence behavior. While there are significant oscillations in dE and rms(c) values throughout the 100 steps, the macro-trend shows clear damping. The rms(c) values oscillate but their envelope decreases from ~100 to ~10 over steps 12-40, and further dampens to oscillate around 0.4-0.8 in the later steps. The dE values show decreasing oscillation amplitude, moving from ±1000 to ±0.1 scale. The system is successfully damping the charge sloshing and progressing toward convergence, though slowly.",,True,,3.8766441345214844,7,100,True
vasp-data-files/101111000100111010100011/OSZICAR,1,100,1,"This is a classic case of damped oscillatory convergence. The calculation shows large initial oscillations in dE and rms(c) after step 12, but exhibits a clear macro-trend of decreasing amplitude over time. The rms(c) values show a definitive downward trajectory from ~122 at step 13 to ~0.338 at step 100, while dE oscillations are gradually dampening. The system is successfully fighting through charge sloshing and progressing toward convergence, though it may require many additional steps.",,True,,19.168596029281616,7,100,True
vasp-data-files/101111000110011100100100/OSZICAR,0,100,1,"The calculation exhibits classic damped oscillatory convergence behavior. After initial instability at step 13, the system shows persistent oscillations in dE and rms(c), but the macro-trend is clearly downward. The rms(c) envelope decreases from ~120 at step 13 to ~3.5 at step 100, while dE oscillations show decreasing amplitude. This indicates the system is successfully damping charge sloshing and progressing toward convergence, though slowly.",,True,,7.1898603439331055,7,100,True
vasp-data-files/101111001000100011010111/OSZICAR,1,100,1,"The calculation exhibits large oscillations in dE and rms(c) starting at step 12-13, characteristic of metallic/magnetic systems. Despite persistent step-to-step fluctuations, the macro-trend shows clear damping: rms(c) decreases from ~100 to ~0.006 over 100 steps, and dE oscillations gradually reduce in amplitude. The system is slowly converging through charge sloshing damping, though progress remains noisy.",,True,,3.842766046524048,6,100,True
vasp-data-files/101111001011100011100001/OSZICAR,1,100,1,"The calculation exhibits classic damped oscillatory behavior, particularly evident after the instability at step 13. While dE and rms(c) show significant step-to-step fluctuations, the macro-trend shows clear damping: rms(c) oscillates with decreasing amplitude from ~125 at step 13 to ~0.1-0.5 range by step 100, and dE oscillations reduce from ~300 eV to ~0.05 eV. However, progress is slow and noisy, with convergence not yet achieved after 100 steps, reducing confidence in timely convergence.",,True,,8.52389407157898,6,100,True
vasp-data-files/101111001100010010100010/OSZICAR,1,100,1,"The calculation exhibits classic damped oscillatory convergence behavior. After initial instability at step 13, the system shows persistent oscillations in dE and rms(c), but with a clear macro-trend of decreasing amplitude. The rms(c) envelope decreases from ~100 to ~0.3 over 100 steps, and dE oscillations dampen significantly while maintaining an overall energy decrease. This is characteristic of systems overcoming charge sloshing through gradual damping.",,True,,4.441356658935547,7,100,True
vasp-data-files/101111001100010011100010/OSZICAR,1,100,0,"The calculation shows initial progress but enters a persistent plateau around step 30. The rms(c) value remains stuck between 0.6E-01 and 0.9E-01 for the final 70 steps, showing no meaningful downward trend. dE oscillates in a narrow band around 1E-02 without systematic improvement, indicating the system has reached a non-convergent equilibrium far above acceptable thresholds.",,True,,3.5979983806610107,8,100,True
vasp-data-files/101111010100110000100100/OSZICAR,0,100,1,"The calculation exhibits large oscillations in dE and rms(c) characteristic of metallic/magnetic systems. While the macro-trend shows slow damping with rms(c) decreasing from ~100 to ~4 over 100 steps, the oscillations remain significant and convergence progress is extremely slow. This is a borderline case where convergence is likely but may require hundreds more steps with potential need for parameter adjustments.",,True,,6.16704535484314,6,100,True
vasp-data-files/101111010101001111101011/OSZICAR,1,100,1,"This is a classic damped oscillatory convergence pattern. After initial instability at step 13 (large dE jump), the system exhibits persistent oscillations in both dE and rms(c). However, the macro-trend shows clear damping: rms(c) decreases from ~125 at step 13 to ~0.37 at step 100, and dE oscillations reduce in amplitude from ~1000 to ~0.01. The overall envelope shows steady downward progression despite step-to-step fluctuations, indicating the system is successfully damping charge sloshing.",,True,,9.004422664642334,7,100,True
vasp-data-files/101111100000000011101101/OSZICAR,0,100,1,"The calculation exhibits classic damped oscillatory behavior, particularly after the initial instability at step 13. While dE and rms(c) show persistent step-to-step fluctuations, their macro-trend over 100 steps shows a clear, albeit slow, downward progression. rms(c) has decreased from ~100 to ~3, and dE oscillations have reduced in amplitude. This is characteristic of a challenging system gradually damping its charge sloshing, though convergence will likely require many additional steps.",,True,,4.781057834625244,6,100,True
vasp-data-files/101111100100111011100011/OSZICAR,1,100,1,"This calculation exhibits classic damped oscillatory convergence behavior. After initial instability at step 13 (large dE jump), the system shows persistent oscillations in both dE and rms(c). However, the macro-trend is clearly downward: rms(c) decreases from ~124 at step 13 to ~0.78 at step 100, and dE oscillations show decreasing amplitude over time. The system is successfully damping charge sloshing and progressing toward convergence, though slowly.",,True,,7.304402112960815,7,100,True
vasp-data-files/101111100101000010111111/OSZICAR,0,100,1,"The calculation exhibits large, persistent oscillations in dE and rms(c) values, characteristic of a metallic or magnetic system with charge sloshing. While the macro-trend shows a very slow overall decrease in the amplitude of rms(c) oscillations (from ~100 at step 13 to ~15 at step 100), the damping is extremely slow and noisy. The system is fighting toward convergence but requires many more steps, making the outcome moderately uncertain within a practical timeframe.",,True,,5.349180221557617,6,100,True
vasp-data-files/101111100101111000100000/OSZICAR,1,100,1,"The calculation exhibits classic damped oscillatory convergence. After an initial instability at step 13, the system shows large oscillations in dE and rms(c). However, the macro-trend is clear: the amplitude of dE oscillations decreases from ~1000 to ~0.001, and rms(c) shows a definitive downward trend from ~100 to ~0.1 over 100 steps, indicating successful damping of charge sloshing.",,True,,11.667386054992676,7,100,True
vasp-data-files/101111100110001111111101/OSZICAR,1,100,1,"The calculation exhibits large, persistent oscillations in dE and rms(c) characteristic of metallic/magnetic systems. While the macro-trend shows slow damping (rms(c) decreasing from ~100 to ~8 over 100 steps), the oscillations remain significant and progress is extremely slow, making convergence trajectory uncertain within a practical number of steps.",,True,,5.355721950531006,6,100,True
vasp-data-files/101111101101011010111100/OSZICAR,1,100,1,"This is a classic damped oscillatory convergence pattern. After initial instability at step 13 (large jump in dE and rms(c)), the system exhibits persistent oscillations. However, the macro-trend shows clear damping: rms(c) decreases from ~125 at step 13 to ~0.2 at step 100, and dE oscillations reduce in amplitude. The overall envelope shows steady downward progression toward convergence thresholds.",,True,,9.538124799728394,7,100,True
vasp-data-files/110000000011100101010001/OSZICAR,0,100,1,"The calculation exhibits classic damped oscillatory behavior. After initial instability around step 13 (large dE jump), the rms(c) shows a clear downward macro-trend from ~100 to ~0.3 over 100 steps, despite persistent step-to-step oscillations. The energy fluctuations are gradually decreasing in amplitude, indicating the system is successfully damping charge sloshing and progressing toward convergence.",,True,,3.853498935699463,7,100,True
vasp-data-files/110000010011000011011001/OSZICAR,0,100,0,"The calculation shows clear stagnation behavior after initial progress. From step 12 onward, rms(c) oscillates between ~0.1-0.15 E+02 without meaningful decrease, and dE fluctuates around 1E-02 to 1E-01 without systematic improvement. The system has plateaued far above convergence thresholds for over 80 steps with no downward macro-trend in the residuals.",,True,,8.262051820755005,8,100,True
vasp-data-files/110000010110101101010011/OSZICAR,0,100,1,"The calculation exhibits classic damped oscillatory behavior characteristic of challenging metallic or magnetic systems. After initial instability at step 13 (large dE jump), the system shows persistent oscillations in both dE and rms(c). However, the macro-trend is clearly downward: rms(c) decreases from ~120 at step 13 to ~0.13 at step 100, with decreasing oscillation amplitude. The energy is stabilizing around -3735 eV, indicating the system is successfully damping charge sloshing and progressing toward convergence, though slowly.",,True,,6.246077060699463,7,100,True
vasp-data-files/110000011001000011111010/OSZICAR,1,100,1,"The calculation shows clear damped oscillatory behavior with a slow but definite downward macro-trend in rms(c) from ~100 to ~1 over 100 steps, and dE oscillations gradually decreasing in amplitude. While convergence is progressing, the damping is exceptionally slow and noisy, requiring many more steps to reach full convergence thresholds.",,True,,5.120518922805786,6,100,True
vasp-data-files/110000011100011000001011/OSZICAR,1,100,1,"This calculation exhibits classic damped oscillatory convergence behavior. After initial instability around step 13 (large dE jump), the system shows persistent oscillations in both dE and rms(c). However, the macro-trend is clearly downward: rms(c) decreases from ~100 to ~0.3 over 100 steps, and dE oscillations show decreasing amplitude. The system is successfully damping charge sloshing and progressing toward convergence, though slowly.",,True,,5.6392316818237305,7,100,True
vasp-data-files/110000011100111100000000/OSZICAR,0,100,0,"The calculation shows initial progress but hits a persistent plateau after step ~12. The rms(c) remains stuck between 1-3E+01 (10-30), far above convergence threshold, while dE oscillates in a high-energy band around 1E+00 to 1E+01. No meaningful downward trend in residuals observed for over 80 steps, indicating classic stagnation behavior requiring intervention.",,True,,5.669483661651611,8,100,True
vasp-data-files/110000101000000110101100/OSZICAR,0,100,1,"The calculation exhibits classic damped oscillatory convergence behavior. While there are significant oscillations in dE and rms(c) throughout (e.g., large jumps at steps 12-13, 16-17, and 98-100), the macro-trend shows clear damping. The rms(c) values decrease from ~100+ at step 12 to oscillating around 0.1-0.4 in the final steps, with an overall downward envelope. The energy is consistently negative and stabilizing, indicating the system is successfully damping charge sloshing and progressing toward convergence, though slowly.",,True,,6.001365661621094,7,100,True
vasp-data-files/110000101010001110011011/OSZICAR,0,100,1,"The calculation exhibits classic damped oscillatory behavior. After initial instability at step 13, the rms(c) shows a clear macro-trend downward from ~120 to ~4 over 100 steps, and dE oscillations are slowly decreasing in amplitude. However, progress is extremely slow and noisy, with convergence thresholds still not reached, making the final outcome less certain within a reasonable number of steps.",,True,,7.386565446853638,6,100,True
vasp-data-files/110000110001111111010001/OSZICAR,1,100,1,"The calculation exhibits classic damped oscillatory convergence behavior. After initial instability around step 13 (large dE jump), the system shows persistent oscillations in both dE and rms(c). However, the macro-trend is clearly downward: rms(c) decreases from ~122 (step 13) to ~0.06 (step 100), and dE oscillations dampen significantly in amplitude. The envelope of both residuals shows systematic reduction over time, indicating the system is successfully damping charge sloshing and progressing toward convergence.",,True,,95.16388583183289,7,100,True
vasp-data-files/110000111011001111011011/OSZICAR,0,100,1,"The calculation exhibits classic damped oscillatory convergence behavior. After initial instability at step 13 (large dE jump), the system shows persistent oscillations in both dE and rms(c). However, the macro-trend is clearly downward: rms(c) decreases from ~127 at step 13 to ~5 at step 100, and dE oscillations show decreasing amplitude over time. The system is successfully damping the charge sloshing and progressing toward convergence, though slowly.",,True,,7.028681993484497,7,100,True
vasp-data-files/110000111110100001010011/OSZICAR,0,100,1,"The calculation exhibits classic damped oscillatory behavior characteristic of challenging metallic or magnetic systems. While there are significant oscillations in dE and rms(c) throughout, the macro-trend shows clear damping: rms(c) decreases from ~100+ at step 12 to oscillating around 0.1-0.3 by step 100, and dE oscillations reduce in amplitude over time. The system is slowly but consistently working toward convergence, though progress is noisy and may require many additional steps.",,True,,4.330267906188965,6,100,True
vasp-data-files/110001000011001111101110/OSZICAR,0,100,1,"The calculation exhibits classic damped oscillatory behavior characteristic of challenging metallic or magnetic systems. While there are significant oscillations in dE (e.g., step 13: +1047, step 15: -667) and rms(c) (oscillating between ~5-22), the macro-trend shows clear damping over 100 steps. The rms(c) envelope decreases from peaks of ~22 at step 15 to ~5 at step 100, and dE oscillations reduce from 1000+ to ~1-10 level. The system is slowly finding convergence despite persistent charge sloshing.",,True,,4.926217555999756,6,100,True
vasp-data-files/110001001100001101110101/OSZICAR,0,100,1,"The calculation exhibits characteristic damped oscillatory behavior typical of challenging metallic or magnetic systems. While dE and rms(c) show persistent oscillations, the macro-trend reveals gradual damping: rms(c) decreases from ~120 (step 12) to ~10 (step 100), and dE oscillations reduce in amplitude from ~1000 eV to ~0.1 eV. The system is slowly finding stability, though convergence will require many additional steps due to the noisy damping pattern.",,True,,4.657382011413574,6,100,True
vasp-data-files/110001010101000001010111/OSZICAR,1,100,1,"This calculation exhibits classic damped oscillatory convergence behavior. After initial instability at step 13 (large dE jump), the system shows persistent oscillations in both dE and rms(c). However, the macro-trend is clearly downward: rms(c) decreases from ~120 at step 15 to ~0.12 at step 100, and dE oscillations show decreasing amplitude over time. The system is successfully damping charge sloshing and progressing toward convergence, though slowly.",,True,,4.088847398757935,7,100,True
vasp-data-files/110001011011111101111011/OSZICAR,1,100,1,"The calculation exhibits classic damped oscillatory convergence behavior. After initial smooth progress (steps 1-12), a major instability occurs at step 13 with dE jumping to 1E+03 and rms(c) increasing to 126. However, the macro-trend shows clear damping: rms(c) oscillates but decreases from ~100 at step 15 to ~0.2 at step 100, while dE oscillations reduce from ~1E+02 to ~1E-02 magnitude. The system is successfully damping charge sloshing and progressing toward convergence, though slowly.",,True,,3.77397084236145,7,100,True
vasp-data-files/110001101111010110111011/OSZICAR,1,100,1,"The calculation exhibits classic damped oscillatory behavior. After initial convergence progress (steps 1-12), a significant perturbation occurs at step 13 (dE jump to +1000), characteristic of charge sloshing in metallic/magnetic systems. Despite persistent oscillations in dE and rms(c), the macro-trend shows clear damping: rms(c) decreases from ~127 (step 13) to ~0.03 (step 100), and oscillation amplitude in dE reduces from ±1000 to ±0.01. The system is successfully damping the instability and progressing toward convergence, though slowly.",,True,,4.961278438568115,7,100,True
vasp-data-files/110001110110000110011100/OSZICAR,0,100,0,"The calculation shows clear stagnation behavior. After initial progress (steps 1-12), the system enters a persistent oscillatory state where dE oscillates between ~1E-03 and 1E+00, and rms(c) remains stuck in the 0.8-1.9E+01 range for over 80 steps. There is no consistent downward macro-trend in rms(c) values, indicating the calculation has plateaued far above convergence thresholds and cannot progress further without intervention.",,True,,3.766500234603882,8,100,True
vasp-data-files/110001111011001111111001/OSZICAR,1,100,1,"The calculation exhibits classic damped oscillatory behavior following a major perturbation at step 13. While step-to-step fluctuations persist, the macro-trend shows clear damping: rms(c) decreases from ~124 (step 13) to ~0.116 (step 100), and dE oscillations reduce in amplitude from ~1000 to ~0.001. The system is successfully damping charge sloshing and progressing toward convergence, though slowly.",,True,,3.8379268646240234,7,100,True
vasp-data-files/110001111110110011011111/OSZICAR,0,100,1,"This is a classic damped oscillatory convergence pattern. After initial instability at step 13, the system exhibits persistent oscillations in dE and rms(c), but shows clear macro-trend improvement. The rms(c) envelope decreases from ~125 at step 13 to ~9.3 at step 100, while dE oscillations gradually reduce in amplitude. The system is successfully damping charge sloshing and progressing toward convergence, though slowly.",,True,,4.244084358215332,7,100,True
vasp-data-files/110010001001100111111001/OSZICAR,1,100,0,"The calculation shows clear stagnation behavior. After initial progress, dE oscillates in a narrow band around 1E-02 to 1E-03 and rms(c) plateaus around 0.1-0.01, failing to show meaningful improvement for over 60 steps. The macro-trend shows no consistent downward progression in residuals, indicating the calculation is stuck far above convergence thresholds.",,True,,4.380346775054932,8,100,True
